shark,7,90,368,156,1.jpg,1200,900
shark,811,6,288,284,1.jpg,1200,900
shark,631,307,538,282,1.jpg,1200,900
shark,20,363,445,171,1.jpg,1200,900
shark,0,613,394,281,1.jpg,1200,900
shark,817,613,333,272,1.jpg,1200,900
shark,455,647,291,178,1.jpg,1200,900
shark,423,58,366,201,1.jpg,1200,900
shark,96,22,161,116,10.jpg,318,159
shark,74,69,865,408,11.jpg,1024,614
shark,23,52,327,173,12.jpeg,406,271
shark,6,124,1190,679,13.jpg,1200,1200
shark,2,55,1404,889,14.jpg,1414,1414
shark,18,150,582,313,15.jpg,620,620
shark,57,246,921,338,16.jpg,1000,685
shark,17,171,1925,1072,17.jpg,2048,1366
shark,2,88,1196,801,18.jpg,1200,900
shark,79,25,599,488,19.jpg,800,534
shark,11,182,992,639,2.jpg,1200,900
shark,0,48,781,456,20.jpg,900,600
shark,28,8,1198,691,21.jpg,1600,700
shark,801,364,2452,2049,22.jpg,4217,2807
shark,403,11,513,534,3.jpg,976,549
shark,8,8,437,373,4.jpg,480,384
shark,2,182,1086,650,5.jpg,1200,900
shark,0,39,255,97,6.jpg,275,183
shark,97,114,606,271,7.jpg,790,496
shark,47,0,170,225,8.jpg,225,225
shark,51,138,866,423,9.jpg,1200,800